{"cameraMode":{"drawMode":0,"name":"Shaded","section":"Shading Mode"},"sceneLighting":false,"audioPlay":false,"sceneViewState":{"m_AlwaysRefresh":false,"showFog":true,"showSkybox":false,"showFlares":true,"showImageEffects":true,"showParticleSystems":true,"showVisualEffectGraphs":true,"m_FxEnabled":true},"in2DMode":false,"pivot":{"x":0.12067627906799317,"y":1.1869666576385499,"z":-9.025818824768067},"rotation":{"x":0.00740224402397871,"y":-0.709190309047699,"z":0.0074463216587901119,"w":0.7049487233161926},"size":1.3176536560058594,"orthographic":true}