{"cameraMode":{"drawMode":0,"name":"Shaded","section":"Shading Mode"},"sceneLighting":true,"audioPlay":false,"sceneViewState":{"m_AlwaysRefresh":false,"showFog":true,"showSkybox":true,"showFlares":true,"showImageEffects":true,"showParticleSystems":true,"showVisualEffectGraphs":true,"m_FxEnabled":true},"in2DMode":false,"pivot":{"x":446.06689453125,"y":263.49859619140627,"z":-30.625228881835939},"rotation":{"x":0.013803832232952118,"y":0.028488868847489358,"z":-0.00039307124097831547,"w":0.9995001554489136},"size":260.1820373535156,"orthographic":true}