{"cameraMode":{"drawMode":0,"name":"Shaded","section":"Shading Mode"},"sceneLighting":true,"audioPlay":false,"sceneViewState":{"m_AlwaysRefresh":false,"showFog":true,"showSkybox":true,"showFlares":true,"showImageEffects":true,"showParticleSystems":true,"showVisualEffectGraphs":true,"m_FxEnabled":true},"in2DMode":false,"pivot":{"x":2.004216432571411,"y":-56.06453323364258,"z":14.359251022338868},"rotation":{"x":0.5740154981613159,"y":0.0012302156537771226,"z":-0.0008580881403759122,"w":0.8188496232032776},"size":33.55052947998047,"orthographic":false}