{"cameraMode":{"drawMode":0,"name":"Shaded","section":"Shading Mode"},"sceneLighting":true,"audioPlay":false,"sceneViewState":{"m_AlwaysRefresh":false,"showFog":true,"showSkybox":true,"showFlares":true,"showImageEffects":true,"showParticleSystems":true,"showVisualEffectGraphs":true,"m_FxEnabled":true},"in2DMode":false,"pivot":{"x":0.7534201145172119,"y":-106.49897003173828,"z":6.624034881591797},"rotation":{"x":0.6822199821472168,"y":0.01096574030816555,"z":-0.010234061628580094,"w":0.7309945821762085},"size":63.351280212402347,"orthographic":false}