{"cameraMode":{"drawMode":0,"name":"Shaded","section":"Shading Mode"},"sceneLighting":true,"audioPlay":false,"sceneViewState":{"m_AlwaysRefresh":false,"showFog":true,"showSkybox":true,"showFlares":true,"showImageEffects":true,"showParticleSystems":true,"showVisualEffectGraphs":true,"m_FxEnabled":true},"in2DMode":false,"pivot":{"x":-1.1033902168273926,"y":-113.67495727539063,"z":7.332300186157227},"rotation":{"x":-0.6597222685813904,"y":0.024103492498397828,"z":-0.021180294454097749,"w":-0.7508289813995361},"size":65.76268005371094,"orthographic":false}